{
  "readMe-1": "By Default all the rules/checks are inactive",
  "readMe-2": "If two rules have different set of rule checks then use different ruleName. ruleBeans are reusable",
  "keepItRules": [
    {
      "channel": "MYACCOUNT",
      "rules": [
        {
          "ruleName": "inebItemRule",
          "ruleBean": "inebItemRule",
          "desc": "description",
          "priority": 0,
          "isActive": true,
          "ruleChecks": [
            {
              "checkName": "enableInebItemRuleCheck",
              "checkBean": "enableInebItemRuleCheck",
              "isActive": true
            },
            {
              "checkName": "inebItemCheck",
              "checkBean": "inebItemCheck",
              "isActive": true
            }
          ]
        },
        {
          "ruleName": "disableKeepItForRTVRule",
          "ruleBean": "disableKeepItForRTVRule",
          "desc": "KeepIt Rule disabled for RTV, GM and non-consumable items",
          "priority": 1,
          "isActive": true,
          "ruleChecks": [
            {
              "checkName": "enableRTVRuleCheck",
              "checkBean": "enableRTVRuleCheck",
              "isActive": true
            },
            {
              "checkName": "reSellableDeptCheck",
              "checkBean": "reSellableDeptCheck",
              "isActive": true
            },
            {
              "checkName": "returnCenterDispositionCheck",
              "checkBean": "returnCenterDispositionCheck",
              "isActive": true
            }
          ]
        },
        {
          "ruleName": "visionRxItemRule",
          "ruleBean": "visionRxItemRule",
          "desc": "KeepIt Rule for Config bundle vision rx",
          "priority": 4,
          "isActive": true,
          "ruleChecks": [
            {
              "checkName": "isVisionRxItem",
              "checkBean": "isVisionRxItem",
              "isActive": true
            }
          ]
        },
        {
          "ruleName": "lineRefundAmountThresholdRule",
          "ruleBean": "lineRefundAmountThresholdRule",
          "desc": "description",
          "priority": 5,
          "isActive": true,
          "ruleChecks": [
            {
              "checkName": "totalLineRefundAmountCheck",
              "checkBean": "totalLineRefundAmountCheck",
              "isActive": true
            }
          ]
        },
        {
          "ruleName": "departmentComplianceRule",
          "ruleBean": "departmentComplianceRule",
          "desc": "description",
          "priority": 10,
          "isActive": true,
          "ruleChecks": [
            {
              "checkName": "nonCompliantDepartmentRuleCheck",
              "checkBean": "nonCompliantDepartmentRuleCheck",
              "isActive": true
            }
          ]
        },
        {
          "ruleName": "photoItemRule",
          "ruleBean": "photoItemRule",
          "desc": "description",
          "priority": 15,
          "isActive": true,
          "ruleChecks": [
            {
              "checkName": "photoItemCheck",
              "checkBean": "photoItemCheck",
              "isActive": true
            },
            {
              "checkName": "photoItemPriceCheck",
              "checkBean": "photoItemPriceCheck",
              "isActive": true
            },
            {
              "checkName": "photoItemTotalLineRefundCheck",
              "checkBean": "photoItemTotalLineRefundCheck",
              "isActive": true
            }
          ]
        },
        {
          "ruleName": "wmPlusMemberRule",
          "ruleBean": "wmPlusMemberRule",
          "desc": "description",
          "priority": 20,
          "isActive": true,
          "ruleChecks": [
            {
              "checkName": "wmPlusCustomerCheck",
              "checkBean": "wmPlusCustomerCheck",
              "isActive": true
            },
            {
              "checkName": "wMPlusCustomerItemConditionCheck",
              "checkBean": "wMPlusCustomerItemConditionCheck",
              "isActive": true
            },
            {
              "checkName": "wMPlusCustomerItemPriceCheck",
              "checkBean": "wMPlusCustomerItemPriceCheck",
              "isActive": true
            },
            {
              "checkName": "wMPlusCustomerItemQuantityCheck",
              "checkBean": "wMPlusCustomerItemQuantityCheck",
              "isActive": true
            }
          ]
        },
        {
          "ruleName": "gepOrderRule",
          "ruleBean": "gepOrderRule",
          "desc": "description",
          "priority": 60,
          "isActive": true,
          "ruleChecks": [
            {
              "checkName": "gepOrderCheck",
              "checkBean": "gepOrderCheck",
              "isActive": true
            },
            {
              "checkName": "gepCountryBasedPriceThresholdCheck",
              "checkBean": "gepCountryBasedPriceThresholdCheck",
              "isActive": true
            }
          ]
        },
        {  
          "ruleName": "damagedItemRule",
          "ruleBean": "damagedItemRule",
          "desc": "description",
          "priority": 20,
          "isActive": true,
          "ruleChecks": [
            {
              "checkName": "damagedItemConditionCheck",
              "checkBean": "damagedItemConditionCheck",
              "isActive": true
            },
            {
              "checkName": "damagedItemDivisionAndCategoryCheck",
              "checkBean": "damagedItemDivisionAndCategoryCheck",
              "isActive": true
            },
            {
              "checkName": "damagedItemPriceCheck",
              "checkBean": "damagedItemPriceCheck",
              "isActive": true
            },
            {
              "checkName": "damagedItemQtyCheck",
              "checkBean": "damagedItemQtyCheck",
              "isActive": true
            }
           ]
         },
        {
          "ruleName": "nonReSellableDeptRule",
          "ruleBean": "nonReSellableDeptRule",
          "desc": "description",
          "priority": 40,
          "isActive": true,
          "ruleChecks": [
            {
              "checkName": "nonReSellableDeptCheck",
              "checkBean": "nonReSellableDeptCheck",
              "isActive": true
            },
            {
              "checkName": "nonReSellableDeptQuantityCheck",
              "checkBean": "nonReSellableDeptQuantityCheck",
              "isActive": true
            }
          ]
        },
        {
          "ruleName": "petVetFoodItemsRule",
          "ruleBean": "petVetFoodItemsRule",
          "desc": "description",
          "priority": 50,
          "isActive": true,
          "ruleChecks": [
            {
              "checkName": "isPetVetFoodItem",
              "checkBean": "isPetVetFoodItem",
              "isActive": true
            },
            {
              "checkName": "petVetFoodQtyCheck",
              "checkBean": "petVetFoodQtyCheck",
              "isActive": true
            },
            {
              "checkName": "petVetFoodPriceThresholdCheck",
              "checkBean": "petVetFoodPriceThresholdCheck",
              "isActive": true
            }
          ]
        },
        {
          "ruleName": "defaultRDMKeepItRule",
          "ruleBean": "defaultRDMKeepItRule",
          "desc": "description",
          "priority": 200,
          "isActive": true,
          "ruleChecks": [
            {
              "checkName": "defaultRDMKeepItRuleCheck",
              "checkBean": "defaultRDMKeepItRuleCheck",
              "isActive": true
            }
          ]
        }
      ]
    },
    {
      "channel": "CCA-Returns",
      "rules": [
        {
          "ruleName": "inebItemRule",
          "ruleBean": "inebItemRule",
          "desc": "description",
          "priority": 0,
          "isActive": true,
          "ruleChecks": [
            {
              "checkName": "enableInebItemRuleCheck",
              "checkBean": "enableInebItemRuleCheck",
              "isActive": true
            },
            {
              "checkName": "inebItemCheck",
              "checkBean": "inebItemCheck",
              "isActive": true
            }
          ]
        },
        {
          "ruleName": "disableKeepItForRTVRule",
          "ruleBean": "disableKeepItForRTVRule",
          "desc": "KeepIt Rule disabled for RTV, GM and non-consumable items",
          "priority": 1,
          "isActive": true,
          "ruleChecks": [
            {
              "checkName": "enableRTVRuleCheck",
              "checkBean": "enableRTVRuleCheck",
              "isActive": true
            },
            {
              "checkName": "reSellableDeptCheck",
              "checkBean": "reSellableDeptCheck",
              "isActive": true
            },
            {
              "checkName": "returnCenterDispositionCheck",
              "checkBean": "returnCenterDispositionCheck",
              "isActive": true
            }
          ]
        },
        {
          "ruleName": "visionRxItemRule",
          "ruleBean": "visionRxItemRule",
          "desc": "KeepIt Rule for Config bundle vision rx",
          "priority": 4,
          "isActive": true,
          "ruleChecks": [
            {
              "checkName": "isVisionRxItem",
              "checkBean": "isVisionRxItem",
              "isActive": true
            }
          ]
        },
        {
          "ruleName": "lineRefundAmountThresholdRule",
          "ruleBean": "lineRefundAmountThresholdRule",
          "desc": "description",
          "priority": 5,
          "isActive": true,
          "ruleChecks": [
            {
              "checkName": "totalLineRefundAmountCheck",
              "checkBean": "totalLineRefundAmountCheck",
              "isActive": true
            }
          ]
        },
        {
          "ruleName": "departmentComplianceRule",
          "ruleBean": "departmentComplianceRule",
          "desc": "description",
          "priority": 10,
          "isActive": true,
          "ruleChecks": [
            {
              "checkName": "nonCompliantDepartmentRuleCheck",
              "checkBean": "nonCompliantDepartmentRuleCheck",
              "isActive": true
            }
          ]
        },
        {
          "ruleName": "photoItemRule",
          "ruleBean": "photoItemRule",
          "desc": "description",
          "priority": 15,
          "isActive": true,
          "ruleChecks": [
            {
              "checkName": "photoItemCheck",
              "checkBean": "photoItemCheck",
              "isActive": true
            },
            {
              "checkName": "photoItemPriceCheck",
              "checkBean": "photoItemPriceCheck",
              "isActive": true
            },
            {
              "checkName": "photoItemTotalLineRefundCheck",
              "checkBean": "photoItemTotalLineRefundCheck",
              "isActive": true
            }
          ]
        },
        {
          "ruleName": "wmPlusMemberRule",
          "ruleBean": "wmPlusMemberRule",
          "desc": "description",
          "priority": 20,
          "isActive": true,
          "ruleChecks": [
            {
              "checkName": "wmPlusCustomerCheck",
              "checkBean": "wmPlusCustomerCheck",
              "isActive": true
            },
            {
              "checkName": "wMPlusCustomerItemConditionCheck",
              "checkBean": "wMPlusCustomerItemConditionCheck",
              "isActive": true
            },
            {
              "checkName": "wMPlusCustomerItemPriceCheck",
              "checkBean": "wMPlusCustomerItemPriceCheck",
              "isActive": true
            },
            {
              "checkName": "wMPlusCustomerItemQuantityCheck",
              "checkBean": "wMPlusCustomerItemQuantityCheck",
              "isActive": true
            }
          ]
        },
        {
          "ruleName": "gepOrderRule",
          "ruleBean": "gepOrderRule",
          "desc": "description",
          "priority": 60,
          "isActive": true,
          "ruleChecks": [
            {
              "checkName": "gepOrderCheck",
              "checkBean": "gepOrderCheck",
              "isActive": true
            },
            {
              "checkName": "gepCountryBasedPriceThresholdCheck",
              "checkBean": "gepCountryBasedPriceThresholdCheck",
              "isActive": true
            }
          ]
        },
         {  
          "ruleName": "damagedItemRule",
          "ruleBean": "damagedItemRule",
          "desc": "description",
          "priority": 20,
          "isActive": true,
          "ruleChecks": [
            {
              "checkName": "damagedItemConditionCheck",
              "checkBean": "damagedItemConditionCheck",
              "isActive": true
            },
            {
              "checkName": "damagedItemDivisionAndCategoryCheck",
              "checkBean": "damagedItemDivisionAndCategoryCheck",
              "isActive": true
            },
            {
              "checkName": "damagedItemPriceCheck",
              "checkBean": "damagedItemPriceCheck",
              "isActive": true
            },
            {
              "checkName": "damagedItemQtyCheck",
              "checkBean": "damagedItemQtyCheck",
              "isActive": true
            }
           ]
         },
        {
          "ruleName": "nonReSellableDeptRule",
          "ruleBean": "nonReSellableDeptRule",
          "desc": "description",
          "priority": 40,
          "isActive": true,
          "ruleChecks": [
            {
              "checkName": "nonReSellableDeptCheck",
              "checkBean": "nonReSellableDeptCheck",
              "isActive": true
            },
            {
              "checkName": "nonReSellableDeptQuantityCheck",
              "checkBean": "nonReSellableDeptQuantityCheck",
              "isActive": true
            }
          ]
        },
        {
          "ruleName": "petVetFoodItemsRule",
          "ruleBean": "petVetFoodItemsRule",
          "desc": "description",
          "priority": 50,
          "isActive": true,
          "ruleChecks": [
            {
              "checkName": "isPetVetFoodItem",
              "checkBean": "isPetVetFoodItem",
              "isActive": true
            },
            {
              "checkName": "petVetFoodQtyCheck",
              "checkBean": "petVetFoodQtyCheck",
              "isActive": true
            },
            {
              "checkName": "petVetFoodPriceThresholdCheck",
              "checkBean": "petVetFoodPriceThresholdCheck",
              "isActive": true
            }
          ]
        },
        {
          "ruleName": "defaultRDMKeepItRule",
          "ruleBean": "defaultRDMKeepItRule",
          "desc": "description",
          "priority": 200,
          "isActive": true,
          "ruleChecks": [
            {
              "checkName": "defaultRDMKeepItRuleCheck",
              "checkBean": "defaultRDMKeepItRuleCheck",
              "isActive": true
            }
          ]
        }
      ]
    },
    {
      "channel": "Chatbot_Returns",
      "rules": [
        {
          "ruleName": "inebItemRule",
          "ruleBean": "inebItemRule",
          "desc": "description",
          "priority": 0,
          "isActive": true,
          "ruleChecks": [
            {
              "checkName": "enableInebItemRuleCheck",
              "checkBean": "enableInebItemRuleCheck",
              "isActive": true
            },
            {
              "checkName": "inebItemCheck",
              "checkBean": "inebItemCheck",
              "isActive": true
            }
          ]
        },
        {
          "ruleName": "disableKeepItForRTVRule",
          "ruleBean": "disableKeepItForRTVRule",
          "desc": "KeepIt Rule disabled for RTV, GM and non-consumable items",
          "priority": 1,
          "isActive": true,
          "ruleChecks": [
            {
              "checkName": "enableRTVRuleCheck",
              "checkBean": "enableRTVRuleCheck",
              "isActive": true
            },
            {
              "checkName": "reSellableDeptCheck",
              "checkBean": "reSellableDeptCheck",
              "isActive": true
            },
            {
              "checkName": "returnCenterDispositionCheck",
              "checkBean": "returnCenterDispositionCheck",
              "isActive": true
            }
          ]
        },
        {
          "ruleName": "visionRxItemRule",
          "ruleBean": "visionRxItemRule",
          "desc": "KeepIt Rule for Config bundle vision rx",
          "priority": 4,
          "isActive": true,
          "ruleChecks": [
            {
              "checkName": "isVisionRxItem",
              "checkBean": "isVisionRxItem",
              "isActive": true
            }
          ]
        },
        {
          "ruleName": "lineRefundAmountThresholdRule",
          "ruleBean": "lineRefundAmountThresholdRule",
          "desc": "description",
          "priority": 5,
          "isActive": true,
          "ruleChecks": [
            {
              "checkName": "totalLineRefundAmountCheck",
              "checkBean": "totalLineRefundAmountCheck",
              "isActive": true
            }
          ]
        },
        {
          "ruleName": "departmentComplianceRule",
          "ruleBean": "departmentComplianceRule",
          "desc": "description",
          "priority": 10,
          "isActive": true,
          "ruleChecks": [
            {
              "checkName": "nonCompliantDepartmentRuleCheck",
              "checkBean": "nonCompliantDepartmentRuleCheck",
              "isActive": true
            }
          ]
        },
        {
          "ruleName": "photoItemRule",
          "ruleBean": "photoItemRule",
          "desc": "description",
          "priority": 15,
          "isActive": true,
          "ruleChecks": [
            {
              "checkName": "photoItemCheck",
              "checkBean": "photoItemCheck",
              "isActive": true
            },
            {
              "checkName": "photoItemPriceCheck",
              "checkBean": "photoItemPriceCheck",
              "isActive": true
            },
            {
              "checkName": "photoItemTotalLineRefundCheck",
              "checkBean": "photoItemTotalLineRefundCheck",
              "isActive": true
            }
          ]
        },
        {
          "ruleName": "wmPlusMemberRule",
          "ruleBean": "wmPlusMemberRule",
          "desc": "description",
          "priority": 20,
          "isActive": true,
          "ruleChecks": [
            {
              "checkName": "wmPlusCustomerCheck",
              "checkBean": "wmPlusCustomerCheck",
              "isActive": true
            },
            {
              "checkName": "wMPlusCustomerItemConditionCheck",
              "checkBean": "wMPlusCustomerItemConditionCheck",
              "isActive": true
            },
            {
              "checkName": "wMPlusCustomerItemPriceCheck",
              "checkBean": "wMPlusCustomerItemPriceCheck",
              "isActive": true
            },
            {
              "checkName": "wMPlusCustomerItemQuantityCheck",
              "checkBean": "wMPlusCustomerItemQuantityCheck",
              "isActive": true
            }
          ]
        },
        {
          "ruleName": "gepOrderRule",
          "ruleBean": "gepOrderRule",
          "desc": "description",
          "priority": 60,
          "isActive": true,
          "ruleChecks": [
            {
              "checkName": "gepOrderCheck",
              "checkBean": "gepOrderCheck",
              "isActive": true
            },
            {
              "checkName": "gepCountryBasedPriceThresholdCheck",
              "checkBean": "gepCountryBasedPriceThresholdCheck",
              "isActive": true
            }
          ]
        },
        {  
          "ruleName": "damagedItemRule",
          "ruleBean": "damagedItemRule",
          "desc": "description",
          "priority": 20,
          "isActive": true,
          "ruleChecks": [
            {
              "checkName": "damagedItemConditionCheck",
              "checkBean": "damagedItemConditionCheck",
              "isActive": true
            },
            {
              "checkName": "damagedItemDivisionAndCategoryCheck",
              "checkBean": "damagedItemDivisionAndCategoryCheck",
              "isActive": true
            },
            {
              "checkName": "damagedItemPriceCheck",
              "checkBean": "damagedItemPriceCheck",
              "isActive": true
            },
            {
              "checkName": "damagedItemQtyCheck",
              "checkBean": "damagedItemQtyCheck",
              "isActive": true
            }
           ]
         },
        {
          "ruleName": "nonReSellableDeptRule",
          "ruleBean": "nonReSellableDeptRule",
          "desc": "description",
          "priority": 40,
          "isActive": true,
          "ruleChecks": [
            {
              "checkName": "nonReSellableDeptCheck",
              "checkBean": "nonReSellableDeptCheck",
              "isActive": true
            },
            {
              "checkName": "nonReSellableDeptQuantityCheck",
              "checkBean": "nonReSellableDeptQuantityCheck",
              "isActive": true
            }
          ]
        },
        {
          "ruleName": "petVetFoodItemsRule",
          "ruleBean": "petVetFoodItemsRule",
          "desc": "description",
          "priority": 50,
          "isActive": true,
          "ruleChecks": [
            {
              "checkName": "isPetVetFoodItem",
              "checkBean": "isPetVetFoodItem",
              "isActive": true
            },
            {
              "checkName": "petVetFoodQtyCheck",
              "checkBean": "petVetFoodQtyCheck",
              "isActive": true
            },
            {
              "checkName": "petVetFoodPriceThresholdCheck",
              "checkBean": "petVetFoodPriceThresholdCheck",
              "isActive": true
            }
          ]
        },
        {
          "ruleName": "defaultRDMKeepItRule",
          "ruleBean": "defaultRDMKeepItRule",
          "desc": "description",
          "priority": 200,
          "isActive": true,
          "ruleChecks": [
            {
              "checkName": "defaultRDMKeepItRuleCheck",
              "checkBean": "defaultRDMKeepItRuleCheck",
              "isActive": true
            }
          ]
        }
      ]
    },
    {
      "channel": "IVR_Returns",
      "rules": [
        {
          "ruleName": "inebItemRule",
          "ruleBean": "inebItemRule",
          "desc": "description",
          "priority": 0,
          "isActive": true,
          "ruleChecks": [
            {
              "checkName": "enableInebItemRuleCheck",
              "checkBean": "enableInebItemRuleCheck",
              "isActive": true
            },
            {
              "checkName": "inebItemCheck",
              "checkBean": "inebItemCheck",
              "isActive": true
            }
          ]
        },
        {
          "ruleName": "disableKeepItForRTVRule",
          "ruleBean": "disableKeepItForRTVRule",
          "desc": "KeepIt Rule disabled for RTV, GM and non-consumable items",
          "priority": 1,
          "isActive": true,
          "ruleChecks": [
            {
              "checkName": "enableRTVRuleCheck",
              "checkBean": "enableRTVRuleCheck",
              "isActive": true
            },
            {
              "checkName": "reSellableDeptCheck",
              "checkBean": "reSellableDeptCheck",
              "isActive": true
            },
            {
              "checkName": "returnCenterDispositionCheck",
              "checkBean": "returnCenterDispositionCheck",
              "isActive": true
            }
          ]
        },
        {
          "ruleName": "visionRxItemRule",
          "ruleBean": "visionRxItemRule",
          "desc": "KeepIt Rule for Config bundle vision rx",
          "priority": 4,
          "isActive": true,
          "ruleChecks": [
            {
              "checkName": "isVisionRxItem",
              "checkBean": "isVisionRxItem",
              "isActive": true
            }
          ]
        },
        {
          "ruleName": "lineRefundAmountThresholdRule",
          "ruleBean": "lineRefundAmountThresholdRule",
          "desc": "description",
          "priority": 5,
          "isActive": true,
          "ruleChecks": [
            {
              "checkName": "totalLineRefundAmountCheck",
              "checkBean": "totalLineRefundAmountCheck",
              "isActive": true
            }
          ]
        },
        {
          "ruleName": "departmentComplianceRule",
          "ruleBean": "departmentComplianceRule",
          "desc": "description",
          "priority": 10,
          "isActive": true,
          "ruleChecks": [
            {
              "checkName": "nonCompliantDepartmentRuleCheck",
              "checkBean": "nonCompliantDepartmentRuleCheck",
              "isActive": true
            }
          ]
        },
        {
          "ruleName": "photoItemRule",
          "ruleBean": "photoItemRule",
          "desc": "description",
          "priority": 15,
          "isActive": true,
          "ruleChecks": [
            {
              "checkName": "photoItemCheck",
              "checkBean": "photoItemCheck",
              "isActive": true
            },
            {
              "checkName": "photoItemPriceCheck",
              "checkBean": "photoItemPriceCheck",
              "isActive": true
            },
            {
              "checkName": "photoItemTotalLineRefundCheck",
              "checkBean": "photoItemTotalLineRefundCheck",
              "isActive": true
            }
          ]
        },
        {
          "ruleName": "wmPlusMemberRule",
          "ruleBean": "wmPlusMemberRule",
          "desc": "description",
          "priority": 20,
          "isActive": true,
          "ruleChecks": [
            {
              "checkName": "wmPlusCustomerCheck",
              "checkBean": "wmPlusCustomerCheck",
              "isActive": true
            },
            {
              "checkName": "wMPlusCustomerItemConditionCheck",
              "checkBean": "wMPlusCustomerItemConditionCheck",
              "isActive": true
            },
            {
              "checkName": "wMPlusCustomerItemPriceCheck",
              "checkBean": "wMPlusCustomerItemPriceCheck",
              "isActive": true
            },
            {
              "checkName": "wMPlusCustomerItemQuantityCheck",
              "checkBean": "wMPlusCustomerItemQuantityCheck",
              "isActive": true
            }
          ]
        },
        {
          "ruleName": "gepOrderRule",
          "ruleBean": "gepOrderRule",
          "desc": "description",
          "priority": 60,
          "isActive": true,
          "ruleChecks": [
            {
              "checkName": "gepOrderCheck",
              "checkBean": "gepOrderCheck",
              "isActive": true
            },
            {
              "checkName": "gepCountryBasedPriceThresholdCheck",
              "checkBean": "gepCountryBasedPriceThresholdCheck",
              "isActive": true
            }
          ]
        },
       {  
          "ruleName": "damagedItemRule",
          "ruleBean": "damagedItemRule",
          "desc": "description",
          "priority": 20,
          "isActive": true,
          "ruleChecks": [
            {
              "checkName": "damagedItemConditionCheck",
              "checkBean": "damagedItemConditionCheck",
              "isActive": true
            },
            {
              "checkName": "damagedItemDivisionAndCategoryCheck",
              "checkBean": "damagedItemDivisionAndCategoryCheck",
              "isActive": true
            },
            {
              "checkName": "damagedItemPriceCheck",
              "checkBean": "damagedItemPriceCheck",
              "isActive": true
            },
            {
              "checkName": "damagedItemQtyCheck",
              "checkBean": "damagedItemQtyCheck",
              "isActive": true
            }
           ]
         },
        {
          "ruleName": "nonReSellableDeptRule",
          "ruleBean": "nonReSellableDeptRule",
          "desc": "description",
          "priority": 40,
          "isActive": true,
          "ruleChecks": [
            {
              "checkName": "nonReSellableDeptCheck",
              "checkBean": "nonReSellableDeptCheck",
              "isActive": true
            },
            {
              "checkName": "nonReSellableDeptQuantityCheck",
              "checkBean": "nonReSellableDeptQuantityCheck",
              "isActive": true
            }
          ]
        },
        {
          "ruleName": "petVetFoodItemsRule",
          "ruleBean": "petVetFoodItemsRule",
          "desc": "description",
          "priority": 50,
          "isActive": true,
          "ruleChecks": [
            {
              "checkName": "isPetVetFoodItem",
              "checkBean": "isPetVetFoodItem",
              "isActive": true
            },
            {
              "checkName": "petVetFoodQtyCheck",
              "checkBean": "petVetFoodQtyCheck",
              "isActive": true
            },
            {
              "checkName": "petVetFoodPriceThresholdCheck",
              "checkBean": "petVetFoodPriceThresholdCheck",
              "isActive": true
            }
          ]
        },
        {
          "ruleName": "defaultRDMKeepItRule",
          "ruleBean": "defaultRDMKeepItRule",
          "desc": "description",
          "priority": 200,
          "isActive": true,
          "ruleChecks": [
            {
              "checkName": "defaultRDMKeepItRuleCheck",
              "checkBean": "defaultRDMKeepItRuleCheck",
              "isActive": true
            }
          ]
        }
      ]
    }
  ]
}