{
  "readMe-1": "Lower the number higher the priority for conjuction rules",
  "restockRules": {
    "rules": [
      {
        "ruleName": "claimableRule",
        "ruleBean": "claimableRule",
        "desc": "description",
        "isActive": true
      },
      {
        "ruleName": "itemConditionPristineRule",
        "ruleBean": "itemConditionPristineRule",
        "desc": "description",
        "isActive": true
      },
      {
        "ruleName": "vendorAllowsRestockRule",
        "ruleBean": "vendorAllowsRestockRule",
        "desc": "description",
        "isActive": true
      },
      {
        "ruleName": "modLocationRule",
        "ruleBean": "modLocationRule",
        "desc": "description",
        "isActive": true
      },
      {
        "ruleName": "reCallRule",
        "ruleBean": "reCallRule",
        "desc": "description",
        "isActive": true
      },
      {
        "ruleName": "itemCVPEligibleRule",
        "ruleBean": "itemCVPEligibleRule",
        "desc": "description",
        "isActive": true
      },
      {
        "ruleName": "walmartDiscretion",
        "ruleBean": "walmartDiscretion",
        "desc": "description",
        "isActive": true
      }
    ]
  },
  "conjuctionRules": {
    "rules": [
      {
        "ruleName": "restockAndCVPEligibleRule",
        "ruleBean": "restockAndCVPEligibleRule",
        "priority": 20,
        "desc": "Description",
        "ruleCondition": {
          "operator": "OR",
          "conjuctionConditionNames": [
            "C_RestockAndCVPEligible_1"
          ]
        },
        "isActive": true
      },
      {
        "ruleName": "returnToRCForRTVRule",
        "ruleBean": "returnToRCForRTVRule",
        "priority": 40,
        "desc": "description",
        "ruleCondition": {
          "operator": "OR",
          "conjuctionConditionNames": [
            "C_ReturnToRCForRTV_1"
          ]
        },
        "isActive": true
      },
      {
        "ruleName": "eliminateRestockAndCVPRule",
        "ruleBean": "eliminateRestockAndCVPRule",
        "desc": "description",
        "priority": 60,
        "ruleCondition": {
          "operator": "OR",
          "conjuctionConditionNames": [
            "C_EliminateRestockAndCVP_1",
            "C_EliminateRestockAndCVP_2",
            "C_EliminateRestockAndCVP_3"
          ]
        },
        "isActive": true
      },
      {
        "ruleName": "eliminateRestockButCVPEligibleRule",
        "ruleBean": "eliminateRestockButCVPEligibleRule",
        "desc": "description",
        "priority": 80,
        "ruleCondition": {
          "operator": "OR",
          "conjuctionConditionNames": [
            "C_EliminateRestockButCVPEligible_1",
            "C_EliminateRestockButCVPEligible_2"
          ]
        },
        "isActive": true
      }
    ]
  },
  "conjuctionRuleConditions": [
      {
        "conditionName": "C_RestockAndCVPEligible_1",
        "lowlevelConditions": [
          {
            "operator": "AND",
            "restockRulesStatuses": [
              {
                "name": "vendorAllowsRestockRule",
                "status": "true"
              },
              {
                "name": "modLocationRule",
                "status": "true"
              },
              {
                "name": "itemConditionPristineRule",
                "status": "true"
              },
              {
                "name": "reCallRule",
                "status": "false"
              }
            ]
          }
        ]
      },
      {
        "conditionName": "C_EliminateRestockAndCVP_1",
        "lowlevelConditions": [
          {
            "operator": "AND",
            "restockRulesStatuses": [
              {
                "name": "vendorAllowsRestockRule",
                "status": "true"
              },
              {
                "name": "modLocationRule",
                "status": "true"
              },
              {
                "name": "itemConditionPristineRule",
                "status": "true"
              },
              {
                "name": "reCallRule",
                "status": "true"
              }
            ]
          }
        ]
      },
      {
        "conditionName": "C_EliminateRestockAndCVP_2",
        "lowlevelConditions": [
          {
            "operator": "OR",
            "restockRulesStatuses": [
              {
                "name": "vendorAllowsRestockRule",
                "status": "false"
              },
              {
                "name": "modLocationRule",
                "status": "false"
              },
              {
                "name": "itemConditionPristineRule",
                "status": "false"
              }
            ]
          },
          {
            "operator": "AND",
            "restockRulesStatuses": [
              {
                "name": "claimableRule",
                "status": "true"
              },
              {
                "name": "walmartDiscretion",
                "status": "true"
              },
              {
                "name": "itemCVPEligibleRule",
                "status": "false"
              }
            ]
          }
        ]
      },
      {
        "conditionName": "C_EliminateRestockAndCVP_3",
        "lowlevelConditions": [
          {
            "operator": "OR",
            "restockRulesStatuses": [
              {
                "name": "vendorAllowsRestockRule",
                "status": "false"
              },
              {
                "name": "modLocationRule",
                "status": "false"
              },
              {
                "name": "itemConditionPristineRule",
                "status": "false"
              }
            ]
          },
          {
            "operator": "AND",
            "restockRulesStatuses": [
              {
                "name": "claimableRule",
                "status": "false"
              },
              {
                "name": "itemCVPEligibleRule",
                "status": "false"
              }
            ]
          }
        ]
      },
      {
        "conditionName": "C_EliminateRestockButCVPEligible_1",
        "lowlevelConditions": [
          {
            "operator": "OR",
            "restockRulesStatuses": [
              {
                "name": "vendorAllowsRestockRule",
                "status": "false"
              },
              {
                "name": "modLocationRule",
                "status": "false"
              },
              {
                "name": "itemConditionPristineRule",
                "status": "false"
              }
            ]
          },
          {
            "operator": "AND",
            "restockRulesStatuses": [
              {
                "name": "claimableRule",
                "status": "true"
              },
              {
                "name": "walmartDiscretion",
                "status": "true"
              },
              {
                "name": "itemCVPEligibleRule",
                "status": "true"
              }
            ]
          }
        ]
      },
      {
        "conditionName": "C_EliminateRestockButCVPEligible_2",
        "lowlevelConditions": [
          {
            "operator": "OR",
            "restockRulesStatuses": [
              {
                "name": "vendorAllowsRestockRule",
                "status": "false"
              },
              {
                "name": "modLocationRule",
                "status": "false"
              },
              {
                "name": "itemConditionPristineRule",
                "status": "false"
              }
            ]
          },
          {
            "operator": "AND",
            "restockRulesStatuses": [
              {
                "name": "claimableRule",
                "status": "false"
              },
              {
                "name": "itemCVPEligibleRule",
                "status": "true"
              }
            ]
          }
        ]
      },
      {
        "conditionName": "C_ReturnToRCForRTV_1",
        "lowlevelConditions": [
          {
            "operator": "OR",
            "restockRulesStatuses": [
              {
                "name": "vendorAllowsRestockRule",
                "status": "false"
              },
              {
                "name": "modLocationRule",
                "status": "false"
              },
              {
                "name": "itemConditionPristineRule",
                "status": "false"
              }
            ]
          },
          {
            "operator": "AND",
            "restockRulesStatuses": [
              {
                "name": "claimableRule",
                "status": "true"
              },
              {
                "name": "walmartDiscretion",
                "status": "false"
              }
            ]
          }
        ]
      }
    ]

}