{
  "readMe-1": "By Default all the rules are inactive",
  "readMe-1": "The rules will be loaded with priorities in ascending order",
  "returnIncentiveRules": [
    {
      "ruleName": "rdmDefaultItemRule",
      "ruleBean": "rdmDefaultItemRule",
      "priority": 5,
      "eligibleChannels": [
        "CCA-Returns"
      ],
      "desc": "description",
      "isActive": true
    },
    {
      "ruleName": "inkiruTrustRule",
      "ruleBean": "inkiruTrustRule",
      "priority": 15,
      "eligibleChannels": [
        "CCA-Returns"
      ],
      "desc": "description",
      "isActive": true
    },
    {
      "ruleName": "wmPlusMemberCustomerRule",
      "ruleBean": "wmPlusMemberCustomerRule",
      "priority": 25,
      "eligibleChannels": [
        "CCA-Returns"
      ],
      "desc": "description",
      "isActive": true
    },
    {
      "ruleName": "singleItemInRequestRule",
      "ruleBean": "singleItemInRequestRule",
      "priority": 35,
      "eligibleChannels": [
        "CCA-Returns"
      ],
      "desc": "description",
      "isActive": false
    },
    {
      "ruleName": "multipleReturnMethodRule",
      "ruleBean": "multipleReturnMethodRule",
      "priority": 45,
      "eligibleChannels": [
        "CCA-Returns"
      ],
      "desc": "description",
      "isActive": true
    },
    {
      "ruleName": "rankOneStoreRule",
      "ruleBean": "rankOneStoreRule",
      "priority": 55,
      "eligibleChannels": [
        "CCA-Returns"
      ],
      "desc": "description",
      "isActive": true
    },
    {
      "ruleName": "itemNonKeepItRule",
      "ruleBean": "itemNonKeepItRule",
      "priority": 60,
      "eligibleChannels": [
        "CCA-Returns"
      ],
      "desc": "description",
      "isActive": true
    },
    {
      "ruleName": "itemExclusionRule",
      "ruleBean": "itemExclusionRule",
      "priority": 65,
      "eligibleChannels": [
        "CCA-Returns"
      ],
      "desc": "description",
      "isActive": true
    },
    {
      "ruleName": "customerChannelPrefRule",
      "ruleBean": "customerChannelPrefRule",
      "priority": 75,
      "eligibleChannels": [
        "CCA-Returns"
      ],
      "desc": "description",
      "isActive": false
    },
    {
      "ruleName": "computeIncentiveAmountRule",
      "ruleBean": "computeIncentiveAmountRule",
      "priority": 85,
      "eligibleChannels": [
        "CCA-Returns"
      ],
      "desc": "description",
      "isActive": true
    }
  ]
}