<?xml version="1.0" encoding="UTF-8"?>
<beans xmlns:xsi="http://www.w3.org/2001/XMLSchema-instance"
	xmlns="http://www.springframework.org/schema/beans"
	xmlns:context="http://www.springframework.org/schema/context"
	xsi:schemaLocation="
        http://www.springframework.org/schema/beans http://www.springframework.org/schema/beans/spring-beans-4.3.xsd
        http://www.springframework.org/schema/context http://www.springframework.org/schema/context/spring-context-4.3.xsd">

	<context:component-scan base-package="com.walmart.iris.services" />

	<bean id="ReturnOrderEventConsumerGrp"
		class="com.walmart.iris.services.consumer.KafkaEventConsumerGrp"
		init-method="init">
		<property name="consumerList">
			<list>
				<bean id="ReturnOrderEventConsumer"
					class="com.walmart.iris.services.consumer.ConsumerInfo"
					depends-on="ROEventListener">
					<constructor-arg index="0"
						value="${${runtime.context.appName:rap-rdm-app}.ro-event-consumer[topic]}" />
					<constructor-arg index="1"
						value="${${runtime.context.appName:rap-rdm-app}.ro-event-consumer[consumer.threads]}" />
					<constructor-arg index="2" ref="ROEventListener" />
					<constructor-arg index="3" value="process" />
				</bean>
			</list>
		</property>
		<property name="configFile" value="ro-event-consumer" />
	</bean>
	
	<bean id="DispositionEventConsumerGrp"
		class="com.walmart.iris.services.consumer.KafkaEventConsumerGrp"
		init-method="init">
		<property name="consumerList">
			<list>
				<bean id="DispositionEventConsumer"
					class="com.walmart.iris.services.consumer.ConsumerInfo"
					depends-on="DispositionEventListener">
					<constructor-arg index="0"
						value="${${runtime.context.appName:rap-rdm-app}.disposition-consumer[topic]}" />
					<constructor-arg index="1"
						value="${${runtime.context.appName:rap-rdm-app}.disposition-consumer[consumer.threads]}" />
					<constructor-arg index="2"
						ref="DispositionEventListener" />
					<constructor-arg index="3" value="process" />
				</bean>
			</list>
		</property>
		<property name="configFile" value="disposition-consumer" />
	</bean>
</beans>
