<?xml version="1.0" encoding="UTF-8"?>
<configuration>
    <include resource="org/springframework/boot/logging/logback/defaults.xml"/>
    <springProperty scope="context" name="springAppName" source="spring.application.name"/>
    <appender name="CONSOLE_JSON" class="ch.qos.logback.core.ConsoleAppender">
        <encoder class="net.logstash.logback.encoder.LogstashEncoder">
            <timestampPattern>yyyy-MM-dd'T'HH:mm:ss.SSSXXX</timestampPattern>
            <includeMdcKeyName>correlationId</includeMdcKeyName>
            <includeMdcKeyName>userId</includeMdcKeyName>
        </encoder>
    </appender>
    <appender name="ASYNCSTDOUT" class="ch.qos.logback.classic.AsyncAppender">
        <queueSize>5000</queueSize>
        <discardingThreshold>0</discardingThreshold>
        <neverBlock>true</neverBlock>
        <maxFlushTime>5000</maxFlushTime>
        <appender-ref ref="CONSOLE_JSON"/>
    </appender>
    <root level="INFO">
        <appender-ref ref="ASYNCSTDOUT"/>
    </root>
    <!-- You can set different log levels for specific packages -->
    <logger name="org.springframework.web" level="INFO"/>
    <logger name="com.walmartlabs.services" level="DEBUG"/>
</configuration>